INSERT INTO "region" (id, code, name) VALUES (-1, 'HM', 'Heard Island and McDonald Islands');
INSERT INTO "region" (id, code, name) VALUES (-2, 'BD', 'People''s Republic of Bangladesh');
INSERT INTO "region" (id, code, name) VALUES (-3, 'EU', 'Europe');
INSERT INTO "region" (id, code, name) VALUES (-4, 'FI', 'Republic of Finland');
INSERT INTO "region" (id, code, name) VALUES (-5, 'LB', 'Lebanese Republic');
INSERT INTO "region" (id, code, name) VALUES (-6, 'YT', 'Mayotte');
INSERT INTO "region" (id, code, name) VALUES (-7, 'FR', 'French Republic');
INSERT INTO "region" (id, code, name) VALUES (-8, 'LV', 'Republic of Latvia');
INSERT INTO "region" (id, code, name) VALUES (-9, 'VC', 'Saint Vincent and the Grenadines');
INSERT INTO "region" (id, code, name) VALUES (-10, 'SG', 'Republic of Singapore');
INSERT INTO "region" (id, code, name) VALUES (-11, 'KH', 'Kingdom of Cambodia');
INSERT INTO "region" (id, code, name) VALUES (-12, 'SE', 'Kingdom of Sweden');
INSERT INTO "region" (id, code, name) VALUES (-13, 'BJ', 'Republic of Benin');
INSERT INTO "region" (id, code, name) VALUES (-14, 'CZ', 'Czech Republic');
INSERT INTO "region" (id, code, name) VALUES (-15, 'RO', 'Romania');
INSERT INTO "region" (id, code, name) VALUES (-16, 'BM', 'Bermuda');
INSERT INTO "region" (id, code, name) VALUES (-17, 'DK', 'Kingdom of Denmark');
INSERT INTO "region" (id, code, name) VALUES (-18, 'GN', 'Republic of Guinea');
INSERT INTO "region" (id, code, name) VALUES (-19, 'NZ', 'New Zealand');
INSERT INTO "region" (id, code, name) VALUES (-20, 'CX', 'Christmas Island');
INSERT INTO "region" (id, code, name) VALUES (-21, 'RU', 'Russian Federation');
INSERT INTO "region" (id, code, name) VALUES (-22, 'MT', 'Republic of Malta');
INSERT INTO "region" (id, code, name) VALUES (-23, 'KR', 'Republic of Korea');
INSERT INTO "region" (id, code, name) VALUES (-24, 'TW', 'Taiwan');
INSERT INTO "region" (id, code, name) VALUES (-25, 'QA', 'State of Qatar');
INSERT INTO "region" (id, code, name) VALUES (-26, 'MC', 'Principality of Monaco');
INSERT INTO "region" (id, code, name) VALUES (-27, 'BZ', 'Belize');
INSERT INTO "region" (id, code, name) VALUES (-28, 'FM', 'Federated States of Micronesia');
INSERT INTO "region" (id, code, name) VALUES (-29, 'BY', 'Republic of Belarus');
INSERT INTO "region" (id, code, name) VALUES (-30, 'SL', 'Republic of Sierra Leone');
INSERT INTO "region" (id, code, name) VALUES (-31, 'KW', 'State of Kuwait');
INSERT INTO "region" (id, code, name) VALUES (-32, 'MU', 'Republic of Mauritius');
INSERT INTO "region" (id, code, name) VALUES (-33, 'VA', 'Holy See (Vatican City State)');
INSERT INTO "region" (id, code, name) VALUES (-34, 'WS', 'Independent State of Samoa');
INSERT INTO "region" (id, code, name) VALUES (-35, 'BH', 'Kingdom of Bahrain');
INSERT INTO "region" (id, code, name) VALUES (-36, 'SK', 'Slovakia (Slovak Republic)');
INSERT INTO "region" (id, code, name) VALUES (-37, 'NU', 'Niue');
INSERT INTO "region" (id, code, name) VALUES (-38, 'BL', 'Saint Barthelemy');
INSERT INTO "region" (id, code, name) VALUES (-39, 'ZW', 'Republic of Zimbabwe');
INSERT INTO "region" (id, code, name) VALUES (-40, 'ZM', 'Republic of Zambia');
INSERT INTO "region" (id, code, name) VALUES (-41, 'TZ', 'United Republic of Tanzania');
INSERT INTO "region" (id, code, name) VALUES (-42, 'DM', 'Commonwealth of Dominica');
INSERT INTO "region" (id, code, name) VALUES (-43, 'NG', 'Federal Republic of Nigeria');
INSERT INTO "region" (id, code, name) VALUES (-44, 'LA', 'Lao People''s Democratic Republic');
INSERT INTO "region" (id, code, name) VALUES (-45, 'BE', 'Kingdom of Belgium');
INSERT INTO "region" (id, code, name) VALUES (-46, 'VG', 'British Virgin Islands');
INSERT INTO "region" (id, code, name) VALUES (-47, 'MD', 'Republic of Moldova');
INSERT INTO "region" (id, code, name) VALUES (-48, 'IS', 'Republic of Iceland');
INSERT INTO "region" (id, code, name) VALUES (-49, 'SN', 'Republic of Senegal');
INSERT INTO "region" (id, code, name) VALUES (-50, 'TM', 'Turkmenistan');
INSERT INTO "region" (id, code, name) VALUES (-51, 'AD', 'Principality of Andorra');
INSERT INTO "region" (id, code, name) VALUES (-52, 'TH', 'Kingdom of Thailand');
INSERT INTO "region" (id, code, name) VALUES (-53, 'GW', 'Republic of Guinea-Bissau');
INSERT INTO "region" (id, code, name) VALUES (-54, 'RE', 'Reunion');
INSERT INTO "region" (id, code, name) VALUES (-55, 'PF', 'French Polynesia');
INSERT INTO "region" (id, code, name) VALUES (-56, 'SA', 'Kingdom of Saudi Arabia');
INSERT INTO "region" (id, code, name) VALUES (-57, 'KI', 'Republic of Kiribati');
INSERT INTO "region" (id, code, name) VALUES (-58, 'GY', 'Co-operative Republic of Guyana');
INSERT INTO "region" (id, code, name) VALUES (-59, 'HN', 'Republic of Honduras');
INSERT INTO "region" (id, code, name) VALUES (-60, 'KG', 'Kyrgyz Republic');
INSERT INTO "region" (id, code, name) VALUES (-61, 'AS', 'American Samoa');
INSERT INTO "region" (id, code, name) VALUES (-62, 'NF', 'Norfolk Island');
INSERT INTO "region" (id, code, name) VALUES (-63, 'CA', 'Canada');
INSERT INTO "region" (id, code, name) VALUES (-64, 'SZ', 'Kingdom of Swaziland');
INSERT INTO "region" (id, code, name) VALUES (-65, 'LR', 'Republic of Liberia');
INSERT INTO "region" (id, code, name) VALUES (-66, 'BV', 'Bouvet Island (Bouvetoya)');
INSERT INTO "region" (id, code, name) VALUES (-67, 'SJ', 'Svalbard & Jan Mayen Islands');
INSERT INTO "region" (id, code, name) VALUES (-68, 'CD', 'Democratic Republic of the Congo');
INSERT INTO "region" (id, code, name) VALUES (-69, 'SR', 'Republic of Suriname');
INSERT INTO "region" (id, code, name) VALUES (-70, 'LS', 'Kingdom of Lesotho');
INSERT INTO "region" (id, code, name) VALUES (-71, 'MS', 'Montserrat');
INSERT INTO "region" (id, code, name) VALUES (-72, 'YE', 'Yemen');
INSERT INTO "region" (id, code, name) VALUES (-73, 'MP', 'Commonwealth of the Northern Mariana Islands');
INSERT INTO "region" (id, code, name) VALUES (-74, 'LI', 'Principality of Liechtenstein');
INSERT INTO "region" (id, code, name) VALUES (-75, 'VU', 'Republic of Vanuatu');
INSERT INTO "region" (id, code, name) VALUES (-76, 'MY', 'Malaysia');
INSERT INTO "region" (id, code, name) VALUES (-77, 'ER', 'State of Eritrea');
INSERT INTO "region" (id, code, name) VALUES (-78, 'HT', 'Republic of Haiti');
INSERT INTO "region" (id, code, name) VALUES (-79, 'AL', 'Republic of Albania');
INSERT INTO "region" (id, code, name) VALUES (-80, 'KM', 'Union of the Comoros');
INSERT INTO "region" (id, code, name) VALUES (-81, 'MG', 'Republic of Madagascar');
INSERT INTO "region" (id, code, name) VALUES (-82, 'ES', 'Kingdom of Spain');
INSERT INTO "region" (id, code, name) VALUES (-83, 'FO', 'Faroe Islands');
INSERT INTO "region" (id, code, name) VALUES (-84, 'ST', 'Democratic Republic of Sao Tome and Principe');
INSERT INTO "region" (id, code, name) VALUES (-85, 'HR', 'Republic of Croatia');
INSERT INTO "region" (id, code, name) VALUES (-86, 'DZ', 'People''s Democratic Republic of Algeria');
INSERT INTO "region" (id, code, name) VALUES (-87, 'PN', 'Pitcairn Islands');
INSERT INTO "region" (id, code, name) VALUES (-88, 'BW', 'Republic of Botswana');
INSERT INTO "region" (id, code, name) VALUES (-89, 'EH', 'Western Sahara');
INSERT INTO "region" (id, code, name) VALUES (-90, 'AO', 'Republic of Angola');
INSERT INTO "region" (id, code, name) VALUES (-91, 'BA', 'Bosnia and Herzegovina');
INSERT INTO "region" (id, code, name) VALUES (-92, 'MK', 'Republic of Macedonia');
INSERT INTO "region" (id, code, name) VALUES (-93, 'AX', 'Åland Islands');
INSERT INTO "region" (id, code, name) VALUES (-94, 'KP', 'Democratic People''s Republic of Korea');
INSERT INTO "region" (id, code, name) VALUES (-95, 'GF', 'French Guiana');
INSERT INTO "region" (id, code, name) VALUES (-96, 'CN', 'People''s Republic of China');
INSERT INTO "region" (id, code, name) VALUES (-97, 'IO', 'British Indian Ocean Territory (Chagos Archipelago)');
INSERT INTO "region" (id, code, name) VALUES (-98, 'AF', 'Islamic Republic of Afghanistan');
INSERT INTO "region" (id, code, name) VALUES (-99, 'GP', 'Guadeloupe');
INSERT INTO "region" (id, code, name) VALUES (-100, 'AR', 'Argentine Republic');
INSERT INTO "region" (id, code, name) VALUES (-101, 'FJ', 'Republic of the Fiji Islands');
INSERT INTO "region" (id, code, name) VALUES (-102, 'CO', 'Republic of Colombia');
INSERT INTO "region" (id, code, name) VALUES (-103, 'SY', 'Syrian Arab Republic');
INSERT INTO "region" (id, code, name) VALUES (-104, 'WF', 'Wallis and Futuna');
INSERT INTO "region" (id, code, name) VALUES (-105, 'VN', 'Socialist Republic of Vietnam');
INSERT INTO "region" (id, code, name) VALUES (-106, 'SM', 'Republic of San Marino');
INSERT INTO "region" (id, code, name) VALUES (-107, 'ET', 'Federal Democratic Republic of Ethiopia');
INSERT INTO "region" (id, code, name) VALUES (-108, 'BT', 'Kingdom of Bhutan');
INSERT INTO "region" (id, code, name) VALUES (-109, 'BR', 'Federative Republic of Brazil');
INSERT INTO "region" (id, code, name) VALUES (-110, 'AQ', 'Antarctica (the territory South of 60 deg S)');
INSERT INTO "region" (id, code, name) VALUES (-111, 'CL', 'Republic of Chile');
INSERT INTO "region" (id, code, name) VALUES (-112, 'CG', 'Republic of the Congo');
INSERT INTO "region" (id, code, name) VALUES (-113, 'VE', 'Bolivarian Republic of Venezuela');
INSERT INTO "region" (id, code, name) VALUES (-114, 'PK', 'Islamic Republic of Pakistan');
INSERT INTO "region" (id, code, name) VALUES (-115, 'FK', 'Falkland Islands (Malvinas)');
INSERT INTO "region" (id, code, name) VALUES (-116, 'CK', 'Cook Islands');
INSERT INTO "region" (id, code, name) VALUES (-117, 'CH', 'Swiss Confederation');
INSERT INTO "region" (id, code, name) VALUES (-118, 'SD', 'Republic of Sudan');
INSERT INTO "region" (id, code, name) VALUES (-119, 'OM', 'Sultanate of Oman');
INSERT INTO "region" (id, code, name) VALUES (-120, 'SC', 'Republic of Seychelles');
INSERT INTO "region" (id, code, name) VALUES (-121, 'ID', 'Republic of Indonesia');
INSERT INTO "region" (id, code, name) VALUES (-122, 'TR', 'Republic of Turkey');
INSERT INTO "region" (id, code, name) VALUES (-123, 'AI', 'Anguilla');
INSERT INTO "region" (id, code, name) VALUES (-124, 'PL', 'Republic of Poland');
INSERT INTO "region" (id, code, name) VALUES (-125, 'UZ', 'Republic of Uzbekistan');
INSERT INTO "region" (id, code, name) VALUES (-126, 'AT', 'Republic of Austria');
INSERT INTO "region" (id, code, name) VALUES (-127, 'LT', 'Republic of Lithuania');
INSERT INTO "region" (id, code, name) VALUES (-128, 'UY', 'Eastern Republic of Uruguay');
INSERT INTO "region" (id, code, name) VALUES (-129, 'GM', 'Republic of the Gambia');
INSERT INTO "region" (id, code, name) VALUES (-130, 'PR', 'Commonwealth of Puerto Rico');
INSERT INTO "region" (id, code, name) VALUES (-131, 'AW', 'Aruba');
INSERT INTO "region" (id, code, name) VALUES (-132, 'AG', 'Antigua and Barbuda');
INSERT INTO "region" (id, code, name) VALUES (-133, 'LC', 'Saint Lucia');
INSERT INTO "region" (id, code, name) VALUES (-134, 'CC', 'Cocos (Keeling) Islands');
INSERT INTO "region" (id, code, name) VALUES (-135, 'ME', 'Republic of Montenegro');
INSERT INTO "region" (id, code, name) VALUES (-136, 'PG', 'Independent State of Papua New Guinea');
INSERT INTO "region" (id, code, name) VALUES (-137, 'GR', 'Hellenic Republic Greece');
INSERT INTO "region" (id, code, name) VALUES (-138, 'GT', 'Republic of Guatemala');
INSERT INTO "region" (id, code, name) VALUES (-139, 'JE', 'Bailiwick of Jersey');
INSERT INTO "region" (id, code, name) VALUES (-140, 'UM', 'United States Minor Outlying Islands');
INSERT INTO "region" (id, code, name) VALUES (-141, 'CU', 'Republic of Cuba');
INSERT INTO "region" (id, code, name) VALUES (-142, 'IR', 'Islamic Republic of Iran');
INSERT INTO "region" (id, code, name) VALUES (-143, 'MV', 'Republic of Maldives');
INSERT INTO "region" (id, code, name) VALUES (-144, 'PH', 'Republic of the Philippines');
INSERT INTO "region" (id, code, name) VALUES (-145, 'GS', 'South Georgia and the South Sandwich Islands');
INSERT INTO "region" (id, code, name) VALUES (-146, 'JO', 'Hashemite Kingdom of Jordan');
INSERT INTO "region" (id, code, name) VALUES (-147, 'LU', 'Grand Duchy of Luxembourg');
INSERT INTO "region" (id, code, name) VALUES (-148, 'UA', 'Ukraine');
INSERT INTO "region" (id, code, name) VALUES (-149, 'AU', 'Commonwealth of Australia');
INSERT INTO "region" (id, code, name) VALUES (-150, 'VI', 'United States Virgin Islands');
INSERT INTO "region" (id, code, name) VALUES (-151, 'IL', 'State of Israel');
INSERT INTO "region" (id, code, name) VALUES (-152, 'PT', 'Portuguese Republic');
INSERT INTO "region" (id, code, name) VALUES (-153, 'IE', 'Ireland');
INSERT INTO "region" (id, code, name) VALUES (-154, 'MO', 'Macao Special Administrative country of China');
INSERT INTO "region" (id, code, name) VALUES (-155, 'BF', 'Burkina Faso');
INSERT INTO "region" (id, code, name) VALUES (-156, 'AZ', 'Republic of Azerbaijan');
INSERT INTO "region" (id, code, name) VALUES (-157, 'GU', 'Guam');
INSERT INTO "region" (id, code, name) VALUES (-158, 'CI', 'Republic of Cote d''Ivoire');
INSERT INTO "region" (id, code, name) VALUES (-159, 'SO', 'Somali Republic');
INSERT INTO "region" (id, code, name) VALUES (-160, 'PM', 'Saint Pierre and Miquelon');
INSERT INTO "region" (id, code, name) VALUES (-161, 'GQ', 'Republic of Equatorial Guinea');
INSERT INTO "region" (id, code, name) VALUES (-162, 'MM', 'Union of Myanmar');
INSERT INTO "region" (id, code, name) VALUES (-163, 'PW', 'Republic of Palau');
INSERT INTO "region" (id, code, name) VALUES (-164, 'MN', 'Mongolia');
INSERT INTO "region" (id, code, name) VALUES (-165, 'PE', 'Republic of Peru');
INSERT INTO "region" (id, code, name) VALUES (-166, 'JP', 'Japan');
INSERT INTO "region" (id, code, name) VALUES (-167, 'US', 'United States of America');
INSERT INTO "region" (id, code, name) VALUES (-168, 'MW', 'Republic of Malawi');
INSERT INTO "region" (id, code, name) VALUES (-169, 'BO', 'Republic of Bolivia');
INSERT INTO "region" (id, code, name) VALUES (-170, 'MA', 'Kingdom of Morocco');
INSERT INTO "region" (id, code, name) VALUES (-171, 'MF', 'Saint Martin');
INSERT INTO "region" (id, code, name) VALUES (-172, 'GB', 'United Kingdom of Great Britain & Northern Ireland');
INSERT INTO "region" (id, code, name) VALUES (-173, 'BG', 'Republic of Bulgaria');
INSERT INTO "region" (id, code, name) VALUES (-174, 'IN', 'Republic of India');
INSERT INTO "region" (id, code, name) VALUES (-175, 'JM', 'Jamaica');
INSERT INTO "region" (id, code, name) VALUES (-176, 'GD', 'Grenada');
INSERT INTO "region" (id, code, name) VALUES (-177, 'NL', 'Kingdom of the Netherlands');
INSERT INTO "region" (id, code, name) VALUES (-178, 'PA', 'Republic of Panama');
INSERT INTO "region" (id, code, name) VALUES (-179, 'TD', 'Republic of Chad');
INSERT INTO "region" (id, code, name) VALUES (-180, 'SB', 'Solomon Islands');
INSERT INTO "region" (id, code, name) VALUES (-181, 'CY', 'Republic of Cyprus');
INSERT INTO "region" (id, code, name) VALUES (-182, 'RS', 'Republic of Serbia');
INSERT INTO "region" (id, code, name) VALUES (-183, 'PY', 'Republic of Paraguay');
INSERT INTO "region" (id, code, name) VALUES (-184, 'LK', 'Democratic Socialist Republic of Sri Lanka');
INSERT INTO "region" (id, code, name) VALUES (-185, 'KZ', 'Republic of Kazakhstan');
INSERT INTO "region" (id, code, name) VALUES (-186, 'LY', 'Libyan Arab Jamahiriya');
INSERT INTO "region" (id, code, name) VALUES (-187, 'NP', 'State of Nepal');
INSERT INTO "region" (id, code, name) VALUES (-188, 'AM', 'Republic of Armenia');
INSERT INTO "region" (id, code, name) VALUES (-189, 'PS', 'Occupied Palestinian Territory');
INSERT INTO "region" (id, code, name) VALUES (-190, 'IQ', 'Republic of Iraq');
INSERT INTO "region" (id, code, name) VALUES (-191, 'AN', 'Netherlands Antilles');
INSERT INTO "region" (id, code, name) VALUES (-192, 'CR', 'Republic of Costa Rica');
INSERT INTO "region" (id, code, name) VALUES (-193, 'HU', 'Republic of Hungary');
INSERT INTO "region" (id, code, name) VALUES (-194, 'CV', 'Republic of Cape Verde');
INSERT INTO "region" (id, code, name) VALUES (-195, 'NO', 'Kingdom of Norway');
INSERT INTO "region" (id, code, name) VALUES (-196, 'TO', 'Kingdom of Tonga');
INSERT INTO "region" (id, code, name) VALUES (-197, 'GE', 'Georgia');
INSERT INTO "region" (id, code, name) VALUES (-198, 'BS', 'Commonwealth of the Bahamas');
INSERT INTO "region" (id, code, name) VALUES (-199, 'TF', 'French Southern Territories');
INSERT INTO "region" (id, code, name) VALUES (-200, 'KY', 'Cayman Islands');
INSERT INTO "region" (id, code, name) VALUES (-201, 'TJ', 'Republic of Tajikistan');
INSERT INTO "region" (id, code, name) VALUES (-202, 'IT', 'Italian Republic');
INSERT INTO "region" (id, code, name) VALUES (-203, 'GA', 'Gabonese Republic');
INSERT INTO "region" (id, code, name) VALUES (-204, 'AE', 'United Arab Emirates');
INSERT INTO "region" (id, code, name) VALUES (-205, 'KE', 'Republic of Kenya');
INSERT INTO "region" (id, code, name) VALUES (-206, 'BN', 'Brunei Darussalam');
INSERT INTO "region" (id, code, name) VALUES (-207, 'ZA', 'Republic of South Africa');
INSERT INTO "region" (id, code, name) VALUES (-208, 'MZ', 'Republic of Mozambique');
INSERT INTO "region" (id, code, name) VALUES (-209, 'TV', 'Tuvalu');
INSERT INTO "region" (id, code, name) VALUES (-210, 'EE', 'Republic of Estonia');
INSERT INTO "region" (id, code, name) VALUES (-211, 'NE', 'Republic of Niger');
INSERT INTO "region" (id, code, name) VALUES (-212, 'CF', 'Central African Republic');
INSERT INTO "region" (id, code, name) VALUES (-213, 'NR', 'Republic of Nauru');
INSERT INTO "region" (id, code, name) VALUES (-214, 'GG', 'Bailiwick of Guernsey');
INSERT INTO "region" (id, code, name) VALUES (-215, 'TL', 'Democratic Republic of Timor-Leste');
INSERT INTO "region" (id, code, name) VALUES (-216, 'KN', 'Federation of Saint Kitts and Nevis');
INSERT INTO "region" (id, code, name) VALUES (-217, 'GI', 'Gibraltar');
INSERT INTO "region" (id, code, name) VALUES (-218, 'NA', 'Republic of Namibia');
INSERT INTO "region" (id, code, name) VALUES (-219, 'RW', 'Republic of Rwanda');
INSERT INTO "region" (id, code, name) VALUES (-220, 'DJ', 'Republic of Djibouti');
INSERT INTO "region" (id, code, name) VALUES (-221, 'SV', 'Republic of El Salvador');
INSERT INTO "region" (id, code, name) VALUES (-222, 'MX', 'United Mexican States');
INSERT INTO "region" (id, code, name) VALUES (-223, 'CM', 'Republic of Cameroon');
INSERT INTO "region" (id, code, name) VALUES (-224, 'GL', 'Greenland');
INSERT INTO "region" (id, code, name) VALUES (-225, 'SI', 'Republic of Slovenia');
INSERT INTO "region" (id, code, name) VALUES (-226, 'BB', 'Barbados');
INSERT INTO "region" (id, code, name) VALUES (-227, 'TK', 'Tokelau');
INSERT INTO "region" (id, code, name) VALUES (-228, 'TT', 'Republic of Trinidad and Tobago');
INSERT INTO "region" (id, code, name) VALUES (-229, 'HK', 'Hong Kong Special Administrative country of China');
INSERT INTO "region" (id, code, name) VALUES (-230, 'MR', 'Islamic Republic of Mauritania');
INSERT INTO "region" (id, code, name) VALUES (-231, 'EC', 'Republic of Ecuador');
INSERT INTO "region" (id, code, name) VALUES (-232, 'TN', 'Tunisian Republic');
INSERT INTO "region" (id, code, name) VALUES (-233, 'ML', 'Republic of Mali');
INSERT INTO "region" (id, code, name) VALUES (-234, 'NI', 'Republic of Nicaragua');
INSERT INTO "region" (id, code, name) VALUES (-235, 'UG', 'Republic of Uganda');
INSERT INTO "region" (id, code, name) VALUES (-236, 'IM', 'Isle of Man');
INSERT INTO "region" (id, code, name) VALUES (-237, 'NC', 'New Caledonia');
INSERT INTO "region" (id, code, name) VALUES (-238, 'DE', 'Federal Republic of Germany');
INSERT INTO "region" (id, code, name) VALUES (-239, 'MQ', 'Martinique');
INSERT INTO "region" (id, code, name) VALUES (-240, 'TG', 'Togolese Republic');
INSERT INTO "region" (id, code, name) VALUES (-241, 'SH', 'Saint Helena');
INSERT INTO "region" (id, code, name) VALUES (-242, 'DO', 'Dominican Republic');
INSERT INTO "region" (id, code, name) VALUES (-243, 'GH', 'Republic of Ghana');
INSERT INTO "region" (id, code, name) VALUES (-244, 'TC', 'Turks and Caicos Islands');
INSERT INTO "region" (id, code, name) VALUES (-245, 'BI', 'Republic of Burundi');
INSERT INTO "region" (id, code, name) VALUES (-246, 'MH', 'Republic of the Marshall Islands');
INSERT INTO "region" (id, code, name) VALUES (-247, 'EG', 'Arab Republic of Egypt');
INSERT INTO "region" (id, code, name) VALUES (-248, 'AP', 'Asia Pacific countrys');


INSERT INTO "userstatus" (id, name) VALUES (-1, 'active');
INSERT INTO "userstatus" (id, name) VALUES (-2, 'block');

INSERT INTO "usergroup" (id, name, description) VALUES (-1, 'admin', 'admin');

INSERT INTO "users" (id, email, login, password, usergroup_id, userstatus_id) 
    VALUES (-1, 'adoptimizeradmin@ximad.com', 'adoptimizeradmin', 'gnzLDuqKcGxMNKFokfhOew==', -1, -1);

INSERT INTO "usergroupaccess" (id, pattern, usergroup_id) VALUES (-1, '.*', -1);

INSERT INTO "platform" (id, name) VALUES (-1, 'android');
INSERT INTO "platform" (id, name) VALUES (-2, 'blackberry');
INSERT INTO "platform" (id, name) VALUES (-3, 'windowsphone');
INSERT INTO "platform" (id, name) VALUES (-4, 'ipad');
INSERT INTO "platform" (id, name) VALUES (-5, 'flashlite3');
INSERT INTO "platform" (id, name) VALUES (-6, 'webos');
INSERT INTO "platform" (id, name) VALUES (-7, 'windowsmobile');
INSERT INTO "platform" (id, name) VALUES (-8, 'symbian3');
INSERT INTO "platform" (id, name) VALUES (-9, 'playbook');
INSERT INTO "platform" (id, name) VALUES (-10, 'android_air');
INSERT INTO "platform" (id, name) VALUES (-11, 'ios');
INSERT INTO "platform" (id, name) VALUES (-12, 'bada');
INSERT INTO "platform" (id, name) VALUES (-13, 'iphone');
INSERT INTO "platform" (id, name) VALUES (-14, 'nook');
INSERT INTO "platform" (id, name) VALUES (-15, 'web');
INSERT INTO "platform" (id, name) VALUES (-16, 'amazon');

INSERT INTO "version" (id, version, platform_id) VALUES (-1, 1, -1);
INSERT INTO "version" (id, version, platform_id) VALUES (-2, 1, -2);
INSERT INTO "version" (id, version, platform_id) VALUES (-3, 1, -3);
INSERT INTO "version" (id, version, platform_id) VALUES (-4, 1, -4);
INSERT INTO "version" (id, version, platform_id) VALUES (-5, 1, -5);
INSERT INTO "version" (id, version, platform_id) VALUES (-6, 1, -6);
INSERT INTO "version" (id, version, platform_id) VALUES (-7, 1, -7);
INSERT INTO "version" (id, version, platform_id) VALUES (-8, 1, -8);
INSERT INTO "version" (id, version, platform_id) VALUES (-9, 1, -9);
INSERT INTO "version" (id, version, platform_id) VALUES (-10, 1, -10);
INSERT INTO "version" (id, version, platform_id) VALUES (-11, 1, -11);
INSERT INTO "version" (id, version, platform_id) VALUES (-12, 1, -12);
INSERT INTO "version" (id, version, platform_id) VALUES (-13, 1, -13);
INSERT INTO "version" (id, version, platform_id) VALUES (-14, 1, -14);
INSERT INTO "version" (id, version, platform_id) VALUES (-15, 1, -15);
INSERT INTO "version" (id, version, platform_id) VALUES (-16, 1, -16);


